stimulus_id,E,R,T,H,permutation_train,permutation_test
43237,1,-1.05,1.26,0.93,R,"['R', 'T', 'H']"
43285,0,-2.59,0.89,0.61,R,"['R', 'T', 'H']"
82844,1,-2.29,1.88,2.12,R,"['R', 'T', 'H']"
44767,1,-2.36,0.59,2.32,R,"['R', 'T', 'H']"
53178,0,-0.96,-0.19,-1.38,R,"['R', 'T', 'H']"
68036,0,-3.02,1.24,-1.95,R,"['R', 'T', 'H']"
27459,1,-0.61,-0.93,0.2,R,"['R', 'T', 'H']"
3511,1,-0.94,0.88,1.39,R,"['R', 'T', 'H']"
44893,0,-1.91,-2.22,-1.36,R,"['R', 'T', 'H']"
85804,0,-2.14,0.4,0.51,R,"['R', 'T', 'H']"
83388,0,-1.2,-2.83,0.07,R,"['R', 'T', 'H']"
8511,1,-2.44,-0.36,1.64,R,"['R', 'T', 'H']"
83965,0,-3.2,-4.58,-0.05,R,"['R', 'T', 'H']"
99887,0,-2.2,-0.28,1.32,R,"['R', 'T', 'H']"
16913,1,-1.21,0.27,1.39,R,"['R', 'T', 'H']"
17469,1,-1.54,0.73,-0.62,R,"['R', 'T', 'H']"
26067,1,-3.06,-0.16,0.53,R,"['R', 'T', 'H']"
47979,1,-2.73,1.19,1.81,R,"['R', 'T', 'H']"
72288,1,-1.89,0.14,0.41,R,"['R', 'T', 'H']"
64210,1,0.1,0.45,-0.0,R,"['R', 'T', 'H']"
39219,1,-2.12,0.58,1.22,R,"['R', 'T', 'H']"
60723,1,-2.59,2.5,2.01,R,"['R', 'T', 'H']"
76339,1,-3.01,2.9,2.15,R,"['R', 'T', 'H']"
27910,0,-0.36,-0.71,-0.05,R,"['R', 'T', 'H']"
52008,0,-1.96,-0.15,0.42,R,"['R', 'T', 'H']"
9655,0,-1.79,-0.15,-0.81,R,"['R', 'T', 'H']"
10208,1,-1.57,-0.72,2.54,R,"['R', 'T', 'H']"
59232,1,-1.41,3.27,0.56,R,"['R', 'T', 'H']"
1531,0,-2.76,-1.17,-0.59,R,"['R', 'T', 'H']"
54944,1,-2.7,0.69,1.11,R,"['R', 'T', 'H']"
22980,0,-2.18,1.63,0.91,R,"['R', 'T', 'H']"
75516,0,-2.55,0.11,-0.96,R,"['R', 'T', 'H']"
58489,0,-1.73,-1.73,2.2,R,"['R', 'T', 'H']"
11436,1,-1.51,-2.3,1.48,R,"['R', 'T', 'H']"
50909,0,-1.92,-1.57,0.24,R,"['R', 'T', 'H']"
99485,1,-2.1,2.37,1.9,R,"['R', 'T', 'H']"
44114,0,-2.42,1.22,0.38,R,"['R', 'T', 'H']"
14865,1,-1.96,0.45,0.68,R,"['R', 'T', 'H']"
10148,0,-1.88,0.33,-0.48,R,"['R', 'T', 'H']"
23587,0,-2.69,-0.08,-1.14,R,"['R', 'T', 'H']"
65809,1,-1.26,2.01,1.37,R,"['R', 'T', 'H']"
32411,1,-1.76,1.13,3.31,R,"['R', 'T', 'H']"
91433,1,-1.91,1.71,3.27,R,"['R', 'T', 'H']"
1040,1,-1.68,-0.61,0.93,R,"['R', 'T', 'H']"
7910,0,-1.95,0.17,-1.28,R,"['R', 'T', 'H']"
45815,1,-1.64,0.38,1.77,R,"['R', 'T', 'H']"
41828,1,-0.99,0.28,0.47,R,"['R', 'T', 'H']"
19911,0,-2.54,-0.21,0.79,R,"['R', 'T', 'H']"
98475,1,-3.15,0.78,1.4,R,"['R', 'T', 'H']"
34403,0,-3.07,-0.2,-0.58,R,"['R', 'T', 'H']"
16385,0,-2.4,-2.32,0.02,R,"['R', 'T', 'H']"
41875,0,-1.75,0.77,-0.35,R,"['R', 'T', 'H']"
87354,0,-3.24,0.66,-0.62,R,"['R', 'T', 'H']"
54346,1,-1.71,1.28,0.39,R,"['R', 'T', 'H']"
186,1,-2.02,1.55,2.34,R,"['R', 'T', 'H']"
2849,0,-2.37,-1.37,1.21,R,"['R', 'T', 'H']"
99899,0,-1.17,-0.25,-0.11,R,"['R', 'T', 'H']"
2592,1,-2.67,2.54,0.76,R,"['R', 'T', 'H']"
5904,0,-1.67,-1.8,1.1,R,"['R', 'T', 'H']"
97082,1,-1.6,3.26,0.55,R,"['R', 'T', 'H']"
77221,0,-3.44,-1.21,-0.26,R,"['R', 'T', 'H']"
6706,1,-0.84,-0.27,1.73,R,"['R', 'T', 'H']"
4978,1,-1.07,1.36,2.14,R,"['R', 'T', 'H']"
70865,1,-1.2,0.43,-1.01,R,"['R', 'T', 'H']"
82649,0,-1.71,0.8,-0.35,R,"['R', 'T', 'H']"
50203,0,-2.96,-0.05,0.83,R,"['R', 'T', 'H']"
38906,0,-3.79,-1.25,-0.35,R,"['R', 'T', 'H']"
57576,1,-2.84,1.04,0.58,R,"['R', 'T', 'H']"
59043,0,-1.26,1.15,-0.65,R,"['R', 'T', 'H']"
52443,1,-1.84,2.8,2.32,R,"['R', 'T', 'H']"
25944,1,-1.76,1.49,2.86,R,"['R', 'T', 'H']"
43338,0,-1.76,-1.4,-2.2,R,"['R', 'T', 'H']"
93289,1,-0.7,0.16,0.02,R,"['R', 'T', 'H']"
10106,0,-1.19,-0.39,1.83,R,"['R', 'T', 'H']"
21896,1,-1.59,-1.61,0.45,R,"['R', 'T', 'H']"
29916,1,-2.31,-0.39,1.92,R,"['R', 'T', 'H']"
16309,1,-1.18,1.22,2.59,R,"['R', 'T', 'H']"
17547,1,-2.15,0.31,1.5,R,"['R', 'T', 'H']"
1635,1,-2.94,0.15,3.53,R,"['R', 'T', 'H']"
28233,0,-3.39,0.2,0.36,R,"['R', 'T', 'H']"
7886,0,-2.21,-0.55,0.56,R,"['R', 'T', 'H']"
76194,1,-1.39,2.46,0.75,R,"['R', 'T', 'H']"
54066,0,-2.44,-0.88,-2.24,R,"['R', 'T', 'H']"
58185,1,-2.98,1.05,3.09,R,"['R', 'T', 'H']"
38404,1,-1.63,-0.77,-0.06,R,"['R', 'T', 'H']"
78310,0,-1.69,0.89,0.06,R,"['R', 'T', 'H']"
5751,1,-1.87,1.91,1.58,R,"['R', 'T', 'H']"
84382,0,-2.61,1.51,-0.6,R,"['R', 'T', 'H']"
75242,1,-2.51,0.65,1.23,R,"['R', 'T', 'H']"
12023,0,-2.84,-0.53,1.1,R,"['R', 'T', 'H']"
82058,1,-0.96,3.47,1.11,R,"['R', 'T', 'H']"
11295,0,-2.28,-1.88,0.44,R,"['R', 'T', 'H']"
60468,0,-3.39,0.97,-0.2,R,"['R', 'T', 'H']"
60016,0,-2.43,0.08,-1.02,R,"['R', 'T', 'H']"
6056,0,-1.12,-0.08,1.03,R,"['R', 'T', 'H']"
65939,0,-1.81,0.54,-0.02,R,"['R', 'T', 'H']"
41826,1,-2.29,-0.9,1.53,R,"['R', 'T', 'H']"
27964,1,-2.13,-0.86,1.75,R,"['R', 'T', 'H']"
94054,1,-1.69,-0.32,3.21,R,"['R', 'T', 'H']"
50266,1,-1.04,2.31,1.85,R,"['R', 'T', 'H']"
43237,1,-1.05,1.26,0.93,R,"['R', 'H', 'T']"
43285,0,-2.59,0.89,0.61,R,"['R', 'H', 'T']"
82844,1,-2.29,1.88,2.12,R,"['R', 'H', 'T']"
44767,1,-2.36,0.59,2.32,R,"['R', 'H', 'T']"
53178,0,-0.96,-0.19,-1.38,R,"['R', 'H', 'T']"
68036,0,-3.02,1.24,-1.95,R,"['R', 'H', 'T']"
27459,1,-0.61,-0.93,0.2,R,"['R', 'H', 'T']"
3511,1,-0.94,0.88,1.39,R,"['R', 'H', 'T']"
44893,0,-1.91,-2.22,-1.36,R,"['R', 'H', 'T']"
85804,0,-2.14,0.4,0.51,R,"['R', 'H', 'T']"
83388,0,-1.2,-2.83,0.07,R,"['R', 'H', 'T']"
8511,1,-2.44,-0.36,1.64,R,"['R', 'H', 'T']"
83965,0,-3.2,-4.58,-0.05,R,"['R', 'H', 'T']"
99887,0,-2.2,-0.28,1.32,R,"['R', 'H', 'T']"
16913,1,-1.21,0.27,1.39,R,"['R', 'H', 'T']"
17469,1,-1.54,0.73,-0.62,R,"['R', 'H', 'T']"
26067,1,-3.06,-0.16,0.53,R,"['R', 'H', 'T']"
47979,1,-2.73,1.19,1.81,R,"['R', 'H', 'T']"
72288,1,-1.89,0.14,0.41,R,"['R', 'H', 'T']"
64210,1,0.1,0.45,-0.0,R,"['R', 'H', 'T']"
39219,1,-2.12,0.58,1.22,R,"['R', 'H', 'T']"
60723,1,-2.59,2.5,2.01,R,"['R', 'H', 'T']"
76339,1,-3.01,2.9,2.15,R,"['R', 'H', 'T']"
27910,0,-0.36,-0.71,-0.05,R,"['R', 'H', 'T']"
52008,0,-1.96,-0.15,0.42,R,"['R', 'H', 'T']"
9655,0,-1.79,-0.15,-0.81,R,"['R', 'H', 'T']"
10208,1,-1.57,-0.72,2.54,R,"['R', 'H', 'T']"
59232,1,-1.41,3.27,0.56,R,"['R', 'H', 'T']"
1531,0,-2.76,-1.17,-0.59,R,"['R', 'H', 'T']"
54944,1,-2.7,0.69,1.11,R,"['R', 'H', 'T']"
22980,0,-2.18,1.63,0.91,R,"['R', 'H', 'T']"
75516,0,-2.55,0.11,-0.96,R,"['R', 'H', 'T']"
58489,0,-1.73,-1.73,2.2,R,"['R', 'H', 'T']"
11436,1,-1.51,-2.3,1.48,R,"['R', 'H', 'T']"
50909,0,-1.92,-1.57,0.24,R,"['R', 'H', 'T']"
99485,1,-2.1,2.37,1.9,R,"['R', 'H', 'T']"
44114,0,-2.42,1.22,0.38,R,"['R', 'H', 'T']"
14865,1,-1.96,0.45,0.68,R,"['R', 'H', 'T']"
10148,0,-1.88,0.33,-0.48,R,"['R', 'H', 'T']"
23587,0,-2.69,-0.08,-1.14,R,"['R', 'H', 'T']"
65809,1,-1.26,2.01,1.37,R,"['R', 'H', 'T']"
32411,1,-1.76,1.13,3.31,R,"['R', 'H', 'T']"
91433,1,-1.91,1.71,3.27,R,"['R', 'H', 'T']"
1040,1,-1.68,-0.61,0.93,R,"['R', 'H', 'T']"
7910,0,-1.95,0.17,-1.28,R,"['R', 'H', 'T']"
45815,1,-1.64,0.38,1.77,R,"['R', 'H', 'T']"
41828,1,-0.99,0.28,0.47,R,"['R', 'H', 'T']"
19911,0,-2.54,-0.21,0.79,R,"['R', 'H', 'T']"
98475,1,-3.15,0.78,1.4,R,"['R', 'H', 'T']"
34403,0,-3.07,-0.2,-0.58,R,"['R', 'H', 'T']"
16385,0,-2.4,-2.32,0.02,R,"['R', 'H', 'T']"
41875,0,-1.75,0.77,-0.35,R,"['R', 'H', 'T']"
87354,0,-3.24,0.66,-0.62,R,"['R', 'H', 'T']"
54346,1,-1.71,1.28,0.39,R,"['R', 'H', 'T']"
186,1,-2.02,1.55,2.34,R,"['R', 'H', 'T']"
2849,0,-2.37,-1.37,1.21,R,"['R', 'H', 'T']"
99899,0,-1.17,-0.25,-0.11,R,"['R', 'H', 'T']"
2592,1,-2.67,2.54,0.76,R,"['R', 'H', 'T']"
5904,0,-1.67,-1.8,1.1,R,"['R', 'H', 'T']"
97082,1,-1.6,3.26,0.55,R,"['R', 'H', 'T']"
77221,0,-3.44,-1.21,-0.26,R,"['R', 'H', 'T']"
6706,1,-0.84,-0.27,1.73,R,"['R', 'H', 'T']"
4978,1,-1.07,1.36,2.14,R,"['R', 'H', 'T']"
70865,1,-1.2,0.43,-1.01,R,"['R', 'H', 'T']"
82649,0,-1.71,0.8,-0.35,R,"['R', 'H', 'T']"
50203,0,-2.96,-0.05,0.83,R,"['R', 'H', 'T']"
38906,0,-3.79,-1.25,-0.35,R,"['R', 'H', 'T']"
57576,1,-2.84,1.04,0.58,R,"['R', 'H', 'T']"
59043,0,-1.26,1.15,-0.65,R,"['R', 'H', 'T']"
52443,1,-1.84,2.8,2.32,R,"['R', 'H', 'T']"
25944,1,-1.76,1.49,2.86,R,"['R', 'H', 'T']"
43338,0,-1.76,-1.4,-2.2,R,"['R', 'H', 'T']"
93289,1,-0.7,0.16,0.02,R,"['R', 'H', 'T']"
10106,0,-1.19,-0.39,1.83,R,"['R', 'H', 'T']"
21896,1,-1.59,-1.61,0.45,R,"['R', 'H', 'T']"
29916,1,-2.31,-0.39,1.92,R,"['R', 'H', 'T']"
16309,1,-1.18,1.22,2.59,R,"['R', 'H', 'T']"
17547,1,-2.15,0.31,1.5,R,"['R', 'H', 'T']"
1635,1,-2.94,0.15,3.53,R,"['R', 'H', 'T']"
28233,0,-3.39,0.2,0.36,R,"['R', 'H', 'T']"
7886,0,-2.21,-0.55,0.56,R,"['R', 'H', 'T']"
76194,1,-1.39,2.46,0.75,R,"['R', 'H', 'T']"
54066,0,-2.44,-0.88,-2.24,R,"['R', 'H', 'T']"
58185,1,-2.98,1.05,3.09,R,"['R', 'H', 'T']"
38404,1,-1.63,-0.77,-0.06,R,"['R', 'H', 'T']"
78310,0,-1.69,0.89,0.06,R,"['R', 'H', 'T']"
5751,1,-1.87,1.91,1.58,R,"['R', 'H', 'T']"
84382,0,-2.61,1.51,-0.6,R,"['R', 'H', 'T']"
75242,1,-2.51,0.65,1.23,R,"['R', 'H', 'T']"
12023,0,-2.84,-0.53,1.1,R,"['R', 'H', 'T']"
82058,1,-0.96,3.47,1.11,R,"['R', 'H', 'T']"
11295,0,-2.28,-1.88,0.44,R,"['R', 'H', 'T']"
60468,0,-3.39,0.97,-0.2,R,"['R', 'H', 'T']"
60016,0,-2.43,0.08,-1.02,R,"['R', 'H', 'T']"
6056,0,-1.12,-0.08,1.03,R,"['R', 'H', 'T']"
65939,0,-1.81,0.54,-0.02,R,"['R', 'H', 'T']"
41826,1,-2.29,-0.9,1.53,R,"['R', 'H', 'T']"
27964,1,-2.13,-0.86,1.75,R,"['R', 'H', 'T']"
94054,1,-1.69,-0.32,3.21,R,"['R', 'H', 'T']"
50266,1,-1.04,2.31,1.85,R,"['R', 'H', 'T']"
43237,1,-1.05,1.26,0.93,T,"['T', 'R', 'H']"
43285,0,-2.59,0.89,0.61,T,"['T', 'R', 'H']"
82844,1,-2.29,1.88,2.12,T,"['T', 'R', 'H']"
44767,1,-2.36,0.59,2.32,T,"['T', 'R', 'H']"
53178,0,-0.96,-0.19,-1.38,T,"['T', 'R', 'H']"
68036,0,-3.02,1.24,-1.95,T,"['T', 'R', 'H']"
27459,1,-0.61,-0.93,0.2,T,"['T', 'R', 'H']"
3511,1,-0.94,0.88,1.39,T,"['T', 'R', 'H']"
44893,0,-1.91,-2.22,-1.36,T,"['T', 'R', 'H']"
85804,0,-2.14,0.4,0.51,T,"['T', 'R', 'H']"
83388,0,-1.2,-2.83,0.07,T,"['T', 'R', 'H']"
8511,1,-2.44,-0.36,1.64,T,"['T', 'R', 'H']"
83965,0,-3.2,-4.58,-0.05,T,"['T', 'R', 'H']"
99887,0,-2.2,-0.28,1.32,T,"['T', 'R', 'H']"
16913,1,-1.21,0.27,1.39,T,"['T', 'R', 'H']"
17469,1,-1.54,0.73,-0.62,T,"['T', 'R', 'H']"
26067,1,-3.06,-0.16,0.53,T,"['T', 'R', 'H']"
47979,1,-2.73,1.19,1.81,T,"['T', 'R', 'H']"
72288,1,-1.89,0.14,0.41,T,"['T', 'R', 'H']"
64210,1,0.1,0.45,-0.0,T,"['T', 'R', 'H']"
39219,1,-2.12,0.58,1.22,T,"['T', 'R', 'H']"
60723,1,-2.59,2.5,2.01,T,"['T', 'R', 'H']"
76339,1,-3.01,2.9,2.15,T,"['T', 'R', 'H']"
27910,0,-0.36,-0.71,-0.05,T,"['T', 'R', 'H']"
52008,0,-1.96,-0.15,0.42,T,"['T', 'R', 'H']"
9655,0,-1.79,-0.15,-0.81,T,"['T', 'R', 'H']"
10208,1,-1.57,-0.72,2.54,T,"['T', 'R', 'H']"
59232,1,-1.41,3.27,0.56,T,"['T', 'R', 'H']"
1531,0,-2.76,-1.17,-0.59,T,"['T', 'R', 'H']"
54944,1,-2.7,0.69,1.11,T,"['T', 'R', 'H']"
22980,0,-2.18,1.63,0.91,T,"['T', 'R', 'H']"
75516,0,-2.55,0.11,-0.96,T,"['T', 'R', 'H']"
58489,0,-1.73,-1.73,2.2,T,"['T', 'R', 'H']"
11436,1,-1.51,-2.3,1.48,T,"['T', 'R', 'H']"
50909,0,-1.92,-1.57,0.24,T,"['T', 'R', 'H']"
99485,1,-2.1,2.37,1.9,T,"['T', 'R', 'H']"
44114,0,-2.42,1.22,0.38,T,"['T', 'R', 'H']"
14865,1,-1.96,0.45,0.68,T,"['T', 'R', 'H']"
10148,0,-1.88,0.33,-0.48,T,"['T', 'R', 'H']"
23587,0,-2.69,-0.08,-1.14,T,"['T', 'R', 'H']"
65809,1,-1.26,2.01,1.37,T,"['T', 'R', 'H']"
32411,1,-1.76,1.13,3.31,T,"['T', 'R', 'H']"
91433,1,-1.91,1.71,3.27,T,"['T', 'R', 'H']"
1040,1,-1.68,-0.61,0.93,T,"['T', 'R', 'H']"
7910,0,-1.95,0.17,-1.28,T,"['T', 'R', 'H']"
45815,1,-1.64,0.38,1.77,T,"['T', 'R', 'H']"
41828,1,-0.99,0.28,0.47,T,"['T', 'R', 'H']"
19911,0,-2.54,-0.21,0.79,T,"['T', 'R', 'H']"
98475,1,-3.15,0.78,1.4,T,"['T', 'R', 'H']"
34403,0,-3.07,-0.2,-0.58,T,"['T', 'R', 'H']"
16385,0,-2.4,-2.32,0.02,T,"['T', 'R', 'H']"
41875,0,-1.75,0.77,-0.35,T,"['T', 'R', 'H']"
87354,0,-3.24,0.66,-0.62,T,"['T', 'R', 'H']"
54346,1,-1.71,1.28,0.39,T,"['T', 'R', 'H']"
186,1,-2.02,1.55,2.34,T,"['T', 'R', 'H']"
2849,0,-2.37,-1.37,1.21,T,"['T', 'R', 'H']"
99899,0,-1.17,-0.25,-0.11,T,"['T', 'R', 'H']"
2592,1,-2.67,2.54,0.76,T,"['T', 'R', 'H']"
5904,0,-1.67,-1.8,1.1,T,"['T', 'R', 'H']"
97082,1,-1.6,3.26,0.55,T,"['T', 'R', 'H']"
77221,0,-3.44,-1.21,-0.26,T,"['T', 'R', 'H']"
6706,1,-0.84,-0.27,1.73,T,"['T', 'R', 'H']"
4978,1,-1.07,1.36,2.14,T,"['T', 'R', 'H']"
70865,1,-1.2,0.43,-1.01,T,"['T', 'R', 'H']"
82649,0,-1.71,0.8,-0.35,T,"['T', 'R', 'H']"
50203,0,-2.96,-0.05,0.83,T,"['T', 'R', 'H']"
38906,0,-3.79,-1.25,-0.35,T,"['T', 'R', 'H']"
57576,1,-2.84,1.04,0.58,T,"['T', 'R', 'H']"
59043,0,-1.26,1.15,-0.65,T,"['T', 'R', 'H']"
52443,1,-1.84,2.8,2.32,T,"['T', 'R', 'H']"
25944,1,-1.76,1.49,2.86,T,"['T', 'R', 'H']"
43338,0,-1.76,-1.4,-2.2,T,"['T', 'R', 'H']"
93289,1,-0.7,0.16,0.02,T,"['T', 'R', 'H']"
10106,0,-1.19,-0.39,1.83,T,"['T', 'R', 'H']"
21896,1,-1.59,-1.61,0.45,T,"['T', 'R', 'H']"
29916,1,-2.31,-0.39,1.92,T,"['T', 'R', 'H']"
16309,1,-1.18,1.22,2.59,T,"['T', 'R', 'H']"
17547,1,-2.15,0.31,1.5,T,"['T', 'R', 'H']"
1635,1,-2.94,0.15,3.53,T,"['T', 'R', 'H']"
28233,0,-3.39,0.2,0.36,T,"['T', 'R', 'H']"
7886,0,-2.21,-0.55,0.56,T,"['T', 'R', 'H']"
76194,1,-1.39,2.46,0.75,T,"['T', 'R', 'H']"
54066,0,-2.44,-0.88,-2.24,T,"['T', 'R', 'H']"
58185,1,-2.98,1.05,3.09,T,"['T', 'R', 'H']"
38404,1,-1.63,-0.77,-0.06,T,"['T', 'R', 'H']"
78310,0,-1.69,0.89,0.06,T,"['T', 'R', 'H']"
5751,1,-1.87,1.91,1.58,T,"['T', 'R', 'H']"
84382,0,-2.61,1.51,-0.6,T,"['T', 'R', 'H']"
75242,1,-2.51,0.65,1.23,T,"['T', 'R', 'H']"
12023,0,-2.84,-0.53,1.1,T,"['T', 'R', 'H']"
82058,1,-0.96,3.47,1.11,T,"['T', 'R', 'H']"
11295,0,-2.28,-1.88,0.44,T,"['T', 'R', 'H']"
60468,0,-3.39,0.97,-0.2,T,"['T', 'R', 'H']"
60016,0,-2.43,0.08,-1.02,T,"['T', 'R', 'H']"
6056,0,-1.12,-0.08,1.03,T,"['T', 'R', 'H']"
65939,0,-1.81,0.54,-0.02,T,"['T', 'R', 'H']"
41826,1,-2.29,-0.9,1.53,T,"['T', 'R', 'H']"
27964,1,-2.13,-0.86,1.75,T,"['T', 'R', 'H']"
94054,1,-1.69,-0.32,3.21,T,"['T', 'R', 'H']"
50266,1,-1.04,2.31,1.85,T,"['T', 'R', 'H']"
43237,1,-1.05,1.26,0.93,T,"['T', 'H', 'R']"
43285,0,-2.59,0.89,0.61,T,"['T', 'H', 'R']"
82844,1,-2.29,1.88,2.12,T,"['T', 'H', 'R']"
44767,1,-2.36,0.59,2.32,T,"['T', 'H', 'R']"
53178,0,-0.96,-0.19,-1.38,T,"['T', 'H', 'R']"
68036,0,-3.02,1.24,-1.95,T,"['T', 'H', 'R']"
27459,1,-0.61,-0.93,0.2,T,"['T', 'H', 'R']"
3511,1,-0.94,0.88,1.39,T,"['T', 'H', 'R']"
44893,0,-1.91,-2.22,-1.36,T,"['T', 'H', 'R']"
85804,0,-2.14,0.4,0.51,T,"['T', 'H', 'R']"
83388,0,-1.2,-2.83,0.07,T,"['T', 'H', 'R']"
8511,1,-2.44,-0.36,1.64,T,"['T', 'H', 'R']"
83965,0,-3.2,-4.58,-0.05,T,"['T', 'H', 'R']"
99887,0,-2.2,-0.28,1.32,T,"['T', 'H', 'R']"
16913,1,-1.21,0.27,1.39,T,"['T', 'H', 'R']"
17469,1,-1.54,0.73,-0.62,T,"['T', 'H', 'R']"
26067,1,-3.06,-0.16,0.53,T,"['T', 'H', 'R']"
47979,1,-2.73,1.19,1.81,T,"['T', 'H', 'R']"
72288,1,-1.89,0.14,0.41,T,"['T', 'H', 'R']"
64210,1,0.1,0.45,-0.0,T,"['T', 'H', 'R']"
39219,1,-2.12,0.58,1.22,T,"['T', 'H', 'R']"
60723,1,-2.59,2.5,2.01,T,"['T', 'H', 'R']"
76339,1,-3.01,2.9,2.15,T,"['T', 'H', 'R']"
27910,0,-0.36,-0.71,-0.05,T,"['T', 'H', 'R']"
52008,0,-1.96,-0.15,0.42,T,"['T', 'H', 'R']"
9655,0,-1.79,-0.15,-0.81,T,"['T', 'H', 'R']"
10208,1,-1.57,-0.72,2.54,T,"['T', 'H', 'R']"
59232,1,-1.41,3.27,0.56,T,"['T', 'H', 'R']"
1531,0,-2.76,-1.17,-0.59,T,"['T', 'H', 'R']"
54944,1,-2.7,0.69,1.11,T,"['T', 'H', 'R']"
22980,0,-2.18,1.63,0.91,T,"['T', 'H', 'R']"
75516,0,-2.55,0.11,-0.96,T,"['T', 'H', 'R']"
58489,0,-1.73,-1.73,2.2,T,"['T', 'H', 'R']"
11436,1,-1.51,-2.3,1.48,T,"['T', 'H', 'R']"
50909,0,-1.92,-1.57,0.24,T,"['T', 'H', 'R']"
99485,1,-2.1,2.37,1.9,T,"['T', 'H', 'R']"
44114,0,-2.42,1.22,0.38,T,"['T', 'H', 'R']"
14865,1,-1.96,0.45,0.68,T,"['T', 'H', 'R']"
10148,0,-1.88,0.33,-0.48,T,"['T', 'H', 'R']"
23587,0,-2.69,-0.08,-1.14,T,"['T', 'H', 'R']"
65809,1,-1.26,2.01,1.37,T,"['T', 'H', 'R']"
32411,1,-1.76,1.13,3.31,T,"['T', 'H', 'R']"
91433,1,-1.91,1.71,3.27,T,"['T', 'H', 'R']"
1040,1,-1.68,-0.61,0.93,T,"['T', 'H', 'R']"
7910,0,-1.95,0.17,-1.28,T,"['T', 'H', 'R']"
45815,1,-1.64,0.38,1.77,T,"['T', 'H', 'R']"
41828,1,-0.99,0.28,0.47,T,"['T', 'H', 'R']"
19911,0,-2.54,-0.21,0.79,T,"['T', 'H', 'R']"
98475,1,-3.15,0.78,1.4,T,"['T', 'H', 'R']"
34403,0,-3.07,-0.2,-0.58,T,"['T', 'H', 'R']"
16385,0,-2.4,-2.32,0.02,T,"['T', 'H', 'R']"
41875,0,-1.75,0.77,-0.35,T,"['T', 'H', 'R']"
87354,0,-3.24,0.66,-0.62,T,"['T', 'H', 'R']"
54346,1,-1.71,1.28,0.39,T,"['T', 'H', 'R']"
186,1,-2.02,1.55,2.34,T,"['T', 'H', 'R']"
2849,0,-2.37,-1.37,1.21,T,"['T', 'H', 'R']"
99899,0,-1.17,-0.25,-0.11,T,"['T', 'H', 'R']"
2592,1,-2.67,2.54,0.76,T,"['T', 'H', 'R']"
5904,0,-1.67,-1.8,1.1,T,"['T', 'H', 'R']"
97082,1,-1.6,3.26,0.55,T,"['T', 'H', 'R']"
77221,0,-3.44,-1.21,-0.26,T,"['T', 'H', 'R']"
6706,1,-0.84,-0.27,1.73,T,"['T', 'H', 'R']"
4978,1,-1.07,1.36,2.14,T,"['T', 'H', 'R']"
70865,1,-1.2,0.43,-1.01,T,"['T', 'H', 'R']"
82649,0,-1.71,0.8,-0.35,T,"['T', 'H', 'R']"
50203,0,-2.96,-0.05,0.83,T,"['T', 'H', 'R']"
38906,0,-3.79,-1.25,-0.35,T,"['T', 'H', 'R']"
57576,1,-2.84,1.04,0.58,T,"['T', 'H', 'R']"
59043,0,-1.26,1.15,-0.65,T,"['T', 'H', 'R']"
52443,1,-1.84,2.8,2.32,T,"['T', 'H', 'R']"
25944,1,-1.76,1.49,2.86,T,"['T', 'H', 'R']"
43338,0,-1.76,-1.4,-2.2,T,"['T', 'H', 'R']"
93289,1,-0.7,0.16,0.02,T,"['T', 'H', 'R']"
10106,0,-1.19,-0.39,1.83,T,"['T', 'H', 'R']"
21896,1,-1.59,-1.61,0.45,T,"['T', 'H', 'R']"
29916,1,-2.31,-0.39,1.92,T,"['T', 'H', 'R']"
16309,1,-1.18,1.22,2.59,T,"['T', 'H', 'R']"
17547,1,-2.15,0.31,1.5,T,"['T', 'H', 'R']"
1635,1,-2.94,0.15,3.53,T,"['T', 'H', 'R']"
28233,0,-3.39,0.2,0.36,T,"['T', 'H', 'R']"
7886,0,-2.21,-0.55,0.56,T,"['T', 'H', 'R']"
76194,1,-1.39,2.46,0.75,T,"['T', 'H', 'R']"
54066,0,-2.44,-0.88,-2.24,T,"['T', 'H', 'R']"
58185,1,-2.98,1.05,3.09,T,"['T', 'H', 'R']"
38404,1,-1.63,-0.77,-0.06,T,"['T', 'H', 'R']"
78310,0,-1.69,0.89,0.06,T,"['T', 'H', 'R']"
5751,1,-1.87,1.91,1.58,T,"['T', 'H', 'R']"
84382,0,-2.61,1.51,-0.6,T,"['T', 'H', 'R']"
75242,1,-2.51,0.65,1.23,T,"['T', 'H', 'R']"
12023,0,-2.84,-0.53,1.1,T,"['T', 'H', 'R']"
82058,1,-0.96,3.47,1.11,T,"['T', 'H', 'R']"
11295,0,-2.28,-1.88,0.44,T,"['T', 'H', 'R']"
60468,0,-3.39,0.97,-0.2,T,"['T', 'H', 'R']"
60016,0,-2.43,0.08,-1.02,T,"['T', 'H', 'R']"
6056,0,-1.12,-0.08,1.03,T,"['T', 'H', 'R']"
65939,0,-1.81,0.54,-0.02,T,"['T', 'H', 'R']"
41826,1,-2.29,-0.9,1.53,T,"['T', 'H', 'R']"
27964,1,-2.13,-0.86,1.75,T,"['T', 'H', 'R']"
94054,1,-1.69,-0.32,3.21,T,"['T', 'H', 'R']"
50266,1,-1.04,2.31,1.85,T,"['T', 'H', 'R']"
43237,1,-1.05,1.26,0.93,H,"['H', 'R', 'T']"
43285,0,-2.59,0.89,0.61,H,"['H', 'R', 'T']"
82844,1,-2.29,1.88,2.12,H,"['H', 'R', 'T']"
44767,1,-2.36,0.59,2.32,H,"['H', 'R', 'T']"
53178,0,-0.96,-0.19,-1.38,H,"['H', 'R', 'T']"
68036,0,-3.02,1.24,-1.95,H,"['H', 'R', 'T']"
27459,1,-0.61,-0.93,0.2,H,"['H', 'R', 'T']"
3511,1,-0.94,0.88,1.39,H,"['H', 'R', 'T']"
44893,0,-1.91,-2.22,-1.36,H,"['H', 'R', 'T']"
85804,0,-2.14,0.4,0.51,H,"['H', 'R', 'T']"
83388,0,-1.2,-2.83,0.07,H,"['H', 'R', 'T']"
8511,1,-2.44,-0.36,1.64,H,"['H', 'R', 'T']"
83965,0,-3.2,-4.58,-0.05,H,"['H', 'R', 'T']"
99887,0,-2.2,-0.28,1.32,H,"['H', 'R', 'T']"
16913,1,-1.21,0.27,1.39,H,"['H', 'R', 'T']"
17469,1,-1.54,0.73,-0.62,H,"['H', 'R', 'T']"
26067,1,-3.06,-0.16,0.53,H,"['H', 'R', 'T']"
47979,1,-2.73,1.19,1.81,H,"['H', 'R', 'T']"
72288,1,-1.89,0.14,0.41,H,"['H', 'R', 'T']"
64210,1,0.1,0.45,-0.0,H,"['H', 'R', 'T']"
39219,1,-2.12,0.58,1.22,H,"['H', 'R', 'T']"
60723,1,-2.59,2.5,2.01,H,"['H', 'R', 'T']"
76339,1,-3.01,2.9,2.15,H,"['H', 'R', 'T']"
27910,0,-0.36,-0.71,-0.05,H,"['H', 'R', 'T']"
52008,0,-1.96,-0.15,0.42,H,"['H', 'R', 'T']"
9655,0,-1.79,-0.15,-0.81,H,"['H', 'R', 'T']"
10208,1,-1.57,-0.72,2.54,H,"['H', 'R', 'T']"
59232,1,-1.41,3.27,0.56,H,"['H', 'R', 'T']"
1531,0,-2.76,-1.17,-0.59,H,"['H', 'R', 'T']"
54944,1,-2.7,0.69,1.11,H,"['H', 'R', 'T']"
22980,0,-2.18,1.63,0.91,H,"['H', 'R', 'T']"
75516,0,-2.55,0.11,-0.96,H,"['H', 'R', 'T']"
58489,0,-1.73,-1.73,2.2,H,"['H', 'R', 'T']"
11436,1,-1.51,-2.3,1.48,H,"['H', 'R', 'T']"
50909,0,-1.92,-1.57,0.24,H,"['H', 'R', 'T']"
99485,1,-2.1,2.37,1.9,H,"['H', 'R', 'T']"
44114,0,-2.42,1.22,0.38,H,"['H', 'R', 'T']"
14865,1,-1.96,0.45,0.68,H,"['H', 'R', 'T']"
10148,0,-1.88,0.33,-0.48,H,"['H', 'R', 'T']"
23587,0,-2.69,-0.08,-1.14,H,"['H', 'R', 'T']"
65809,1,-1.26,2.01,1.37,H,"['H', 'R', 'T']"
32411,1,-1.76,1.13,3.31,H,"['H', 'R', 'T']"
91433,1,-1.91,1.71,3.27,H,"['H', 'R', 'T']"
1040,1,-1.68,-0.61,0.93,H,"['H', 'R', 'T']"
7910,0,-1.95,0.17,-1.28,H,"['H', 'R', 'T']"
45815,1,-1.64,0.38,1.77,H,"['H', 'R', 'T']"
41828,1,-0.99,0.28,0.47,H,"['H', 'R', 'T']"
19911,0,-2.54,-0.21,0.79,H,"['H', 'R', 'T']"
98475,1,-3.15,0.78,1.4,H,"['H', 'R', 'T']"
34403,0,-3.07,-0.2,-0.58,H,"['H', 'R', 'T']"
16385,0,-2.4,-2.32,0.02,H,"['H', 'R', 'T']"
41875,0,-1.75,0.77,-0.35,H,"['H', 'R', 'T']"
87354,0,-3.24,0.66,-0.62,H,"['H', 'R', 'T']"
54346,1,-1.71,1.28,0.39,H,"['H', 'R', 'T']"
186,1,-2.02,1.55,2.34,H,"['H', 'R', 'T']"
2849,0,-2.37,-1.37,1.21,H,"['H', 'R', 'T']"
99899,0,-1.17,-0.25,-0.11,H,"['H', 'R', 'T']"
2592,1,-2.67,2.54,0.76,H,"['H', 'R', 'T']"
5904,0,-1.67,-1.8,1.1,H,"['H', 'R', 'T']"
97082,1,-1.6,3.26,0.55,H,"['H', 'R', 'T']"
77221,0,-3.44,-1.21,-0.26,H,"['H', 'R', 'T']"
6706,1,-0.84,-0.27,1.73,H,"['H', 'R', 'T']"
4978,1,-1.07,1.36,2.14,H,"['H', 'R', 'T']"
70865,1,-1.2,0.43,-1.01,H,"['H', 'R', 'T']"
82649,0,-1.71,0.8,-0.35,H,"['H', 'R', 'T']"
50203,0,-2.96,-0.05,0.83,H,"['H', 'R', 'T']"
38906,0,-3.79,-1.25,-0.35,H,"['H', 'R', 'T']"
57576,1,-2.84,1.04,0.58,H,"['H', 'R', 'T']"
59043,0,-1.26,1.15,-0.65,H,"['H', 'R', 'T']"
52443,1,-1.84,2.8,2.32,H,"['H', 'R', 'T']"
25944,1,-1.76,1.49,2.86,H,"['H', 'R', 'T']"
43338,0,-1.76,-1.4,-2.2,H,"['H', 'R', 'T']"
93289,1,-0.7,0.16,0.02,H,"['H', 'R', 'T']"
10106,0,-1.19,-0.39,1.83,H,"['H', 'R', 'T']"
21896,1,-1.59,-1.61,0.45,H,"['H', 'R', 'T']"
29916,1,-2.31,-0.39,1.92,H,"['H', 'R', 'T']"
16309,1,-1.18,1.22,2.59,H,"['H', 'R', 'T']"
17547,1,-2.15,0.31,1.5,H,"['H', 'R', 'T']"
1635,1,-2.94,0.15,3.53,H,"['H', 'R', 'T']"
28233,0,-3.39,0.2,0.36,H,"['H', 'R', 'T']"
7886,0,-2.21,-0.55,0.56,H,"['H', 'R', 'T']"
76194,1,-1.39,2.46,0.75,H,"['H', 'R', 'T']"
54066,0,-2.44,-0.88,-2.24,H,"['H', 'R', 'T']"
58185,1,-2.98,1.05,3.09,H,"['H', 'R', 'T']"
38404,1,-1.63,-0.77,-0.06,H,"['H', 'R', 'T']"
78310,0,-1.69,0.89,0.06,H,"['H', 'R', 'T']"
5751,1,-1.87,1.91,1.58,H,"['H', 'R', 'T']"
84382,0,-2.61,1.51,-0.6,H,"['H', 'R', 'T']"
75242,1,-2.51,0.65,1.23,H,"['H', 'R', 'T']"
12023,0,-2.84,-0.53,1.1,H,"['H', 'R', 'T']"
82058,1,-0.96,3.47,1.11,H,"['H', 'R', 'T']"
11295,0,-2.28,-1.88,0.44,H,"['H', 'R', 'T']"
60468,0,-3.39,0.97,-0.2,H,"['H', 'R', 'T']"
60016,0,-2.43,0.08,-1.02,H,"['H', 'R', 'T']"
6056,0,-1.12,-0.08,1.03,H,"['H', 'R', 'T']"
65939,0,-1.81,0.54,-0.02,H,"['H', 'R', 'T']"
41826,1,-2.29,-0.9,1.53,H,"['H', 'R', 'T']"
27964,1,-2.13,-0.86,1.75,H,"['H', 'R', 'T']"
94054,1,-1.69,-0.32,3.21,H,"['H', 'R', 'T']"
50266,1,-1.04,2.31,1.85,H,"['H', 'R', 'T']"
43237,1,-1.05,1.26,0.93,H,"['H', 'T', 'R']"
43285,0,-2.59,0.89,0.61,H,"['H', 'T', 'R']"
82844,1,-2.29,1.88,2.12,H,"['H', 'T', 'R']"
44767,1,-2.36,0.59,2.32,H,"['H', 'T', 'R']"
53178,0,-0.96,-0.19,-1.38,H,"['H', 'T', 'R']"
68036,0,-3.02,1.24,-1.95,H,"['H', 'T', 'R']"
27459,1,-0.61,-0.93,0.2,H,"['H', 'T', 'R']"
3511,1,-0.94,0.88,1.39,H,"['H', 'T', 'R']"
44893,0,-1.91,-2.22,-1.36,H,"['H', 'T', 'R']"
85804,0,-2.14,0.4,0.51,H,"['H', 'T', 'R']"
83388,0,-1.2,-2.83,0.07,H,"['H', 'T', 'R']"
8511,1,-2.44,-0.36,1.64,H,"['H', 'T', 'R']"
83965,0,-3.2,-4.58,-0.05,H,"['H', 'T', 'R']"
99887,0,-2.2,-0.28,1.32,H,"['H', 'T', 'R']"
16913,1,-1.21,0.27,1.39,H,"['H', 'T', 'R']"
17469,1,-1.54,0.73,-0.62,H,"['H', 'T', 'R']"
26067,1,-3.06,-0.16,0.53,H,"['H', 'T', 'R']"
47979,1,-2.73,1.19,1.81,H,"['H', 'T', 'R']"
72288,1,-1.89,0.14,0.41,H,"['H', 'T', 'R']"
64210,1,0.1,0.45,-0.0,H,"['H', 'T', 'R']"
39219,1,-2.12,0.58,1.22,H,"['H', 'T', 'R']"
60723,1,-2.59,2.5,2.01,H,"['H', 'T', 'R']"
76339,1,-3.01,2.9,2.15,H,"['H', 'T', 'R']"
27910,0,-0.36,-0.71,-0.05,H,"['H', 'T', 'R']"
52008,0,-1.96,-0.15,0.42,H,"['H', 'T', 'R']"
9655,0,-1.79,-0.15,-0.81,H,"['H', 'T', 'R']"
10208,1,-1.57,-0.72,2.54,H,"['H', 'T', 'R']"
59232,1,-1.41,3.27,0.56,H,"['H', 'T', 'R']"
1531,0,-2.76,-1.17,-0.59,H,"['H', 'T', 'R']"
54944,1,-2.7,0.69,1.11,H,"['H', 'T', 'R']"
22980,0,-2.18,1.63,0.91,H,"['H', 'T', 'R']"
75516,0,-2.55,0.11,-0.96,H,"['H', 'T', 'R']"
58489,0,-1.73,-1.73,2.2,H,"['H', 'T', 'R']"
11436,1,-1.51,-2.3,1.48,H,"['H', 'T', 'R']"
50909,0,-1.92,-1.57,0.24,H,"['H', 'T', 'R']"
99485,1,-2.1,2.37,1.9,H,"['H', 'T', 'R']"
44114,0,-2.42,1.22,0.38,H,"['H', 'T', 'R']"
14865,1,-1.96,0.45,0.68,H,"['H', 'T', 'R']"
10148,0,-1.88,0.33,-0.48,H,"['H', 'T', 'R']"
23587,0,-2.69,-0.08,-1.14,H,"['H', 'T', 'R']"
65809,1,-1.26,2.01,1.37,H,"['H', 'T', 'R']"
32411,1,-1.76,1.13,3.31,H,"['H', 'T', 'R']"
91433,1,-1.91,1.71,3.27,H,"['H', 'T', 'R']"
1040,1,-1.68,-0.61,0.93,H,"['H', 'T', 'R']"
7910,0,-1.95,0.17,-1.28,H,"['H', 'T', 'R']"
45815,1,-1.64,0.38,1.77,H,"['H', 'T', 'R']"
41828,1,-0.99,0.28,0.47,H,"['H', 'T', 'R']"
19911,0,-2.54,-0.21,0.79,H,"['H', 'T', 'R']"
98475,1,-3.15,0.78,1.4,H,"['H', 'T', 'R']"
34403,0,-3.07,-0.2,-0.58,H,"['H', 'T', 'R']"
16385,0,-2.4,-2.32,0.02,H,"['H', 'T', 'R']"
41875,0,-1.75,0.77,-0.35,H,"['H', 'T', 'R']"
87354,0,-3.24,0.66,-0.62,H,"['H', 'T', 'R']"
54346,1,-1.71,1.28,0.39,H,"['H', 'T', 'R']"
186,1,-2.02,1.55,2.34,H,"['H', 'T', 'R']"
2849,0,-2.37,-1.37,1.21,H,"['H', 'T', 'R']"
99899,0,-1.17,-0.25,-0.11,H,"['H', 'T', 'R']"
2592,1,-2.67,2.54,0.76,H,"['H', 'T', 'R']"
5904,0,-1.67,-1.8,1.1,H,"['H', 'T', 'R']"
97082,1,-1.6,3.26,0.55,H,"['H', 'T', 'R']"
77221,0,-3.44,-1.21,-0.26,H,"['H', 'T', 'R']"
6706,1,-0.84,-0.27,1.73,H,"['H', 'T', 'R']"
4978,1,-1.07,1.36,2.14,H,"['H', 'T', 'R']"
70865,1,-1.2,0.43,-1.01,H,"['H', 'T', 'R']"
82649,0,-1.71,0.8,-0.35,H,"['H', 'T', 'R']"
50203,0,-2.96,-0.05,0.83,H,"['H', 'T', 'R']"
38906,0,-3.79,-1.25,-0.35,H,"['H', 'T', 'R']"
57576,1,-2.84,1.04,0.58,H,"['H', 'T', 'R']"
59043,0,-1.26,1.15,-0.65,H,"['H', 'T', 'R']"
52443,1,-1.84,2.8,2.32,H,"['H', 'T', 'R']"
25944,1,-1.76,1.49,2.86,H,"['H', 'T', 'R']"
43338,0,-1.76,-1.4,-2.2,H,"['H', 'T', 'R']"
93289,1,-0.7,0.16,0.02,H,"['H', 'T', 'R']"
10106,0,-1.19,-0.39,1.83,H,"['H', 'T', 'R']"
21896,1,-1.59,-1.61,0.45,H,"['H', 'T', 'R']"
29916,1,-2.31,-0.39,1.92,H,"['H', 'T', 'R']"
16309,1,-1.18,1.22,2.59,H,"['H', 'T', 'R']"
17547,1,-2.15,0.31,1.5,H,"['H', 'T', 'R']"
1635,1,-2.94,0.15,3.53,H,"['H', 'T', 'R']"
28233,0,-3.39,0.2,0.36,H,"['H', 'T', 'R']"
7886,0,-2.21,-0.55,0.56,H,"['H', 'T', 'R']"
76194,1,-1.39,2.46,0.75,H,"['H', 'T', 'R']"
54066,0,-2.44,-0.88,-2.24,H,"['H', 'T', 'R']"
58185,1,-2.98,1.05,3.09,H,"['H', 'T', 'R']"
38404,1,-1.63,-0.77,-0.06,H,"['H', 'T', 'R']"
78310,0,-1.69,0.89,0.06,H,"['H', 'T', 'R']"
5751,1,-1.87,1.91,1.58,H,"['H', 'T', 'R']"
84382,0,-2.61,1.51,-0.6,H,"['H', 'T', 'R']"
75242,1,-2.51,0.65,1.23,H,"['H', 'T', 'R']"
12023,0,-2.84,-0.53,1.1,H,"['H', 'T', 'R']"
82058,1,-0.96,3.47,1.11,H,"['H', 'T', 'R']"
11295,0,-2.28,-1.88,0.44,H,"['H', 'T', 'R']"
60468,0,-3.39,0.97,-0.2,H,"['H', 'T', 'R']"
60016,0,-2.43,0.08,-1.02,H,"['H', 'T', 'R']"
6056,0,-1.12,-0.08,1.03,H,"['H', 'T', 'R']"
65939,0,-1.81,0.54,-0.02,H,"['H', 'T', 'R']"
41826,1,-2.29,-0.9,1.53,H,"['H', 'T', 'R']"
27964,1,-2.13,-0.86,1.75,H,"['H', 'T', 'R']"
94054,1,-1.69,-0.32,3.21,H,"['H', 'T', 'R']"
50266,1,-1.04,2.31,1.85,H,"['H', 'T', 'R']"
